scenario,policy,mean_composite_cost,p95_total_wait,tail_net_queue_drift,threshold_crossing_share
sc_high_workload,online_fast_only,0.38122144915672374,41.50977488690149,-0.033181818181818146,0.34
sc_high_workload,online_joint,0.4634450612941222,52.096166745295434,-0.0437272727272727,0.4
sc_high_workload,pto,0.3063205282733098,13.909070736925663,-0.0061818181818181685,0.0
sc_peak_workload,online_fast_only,0.390671210028649,42.70386217177381,-0.034818181818181804,0.24
sc_peak_workload,online_joint,0.49164676264714285,53.90430202334032,-0.0507272727272727,0.3
sc_peak_workload,pto,0.3251058668999373,18.559562116474137,-0.010636363636363628,0.0
