scenario,policy,mean_composite_cost,acceptance_rate,throughput_rate,unconfirmed
sc_high_workload,online_joint,0.46786308599456666,0.8858026826413309,0.8710885060691522,3081.9166666666665
sc_high_workload,pto,0.30995283982215854,0.8266876339698124,0.8141456693257032,4676.166666666667
sc_peak_workload,online_joint,0.4955490413025325,0.8814475542685106,0.8665509890869587,3221.5
sc_peak_workload,pto,0.31759289332284607,0.8277940682705487,0.8150766577414376,4674.583333333333
